<?xml version='1.0' encoding='utf-8'?>
<!DOCTYPE hibernate-mapping PUBLIC
    "-//Hibernate/Hibernate Mapping DTD 3.0//EN"
    "http://www.hibernate.org/dtd/hibernate-mapping-3.0.dtd">
<hibernate-mapping>
    <class name="com.airhacks.task.Accounts" table="accounts" schema="cars">
        <id name="id">
            <column name="id" sql-type="int(11)"/>
        </id>
        <property name="name">
            <column name="name" sql-type="varchar(100)" length="100" not-null="true"/>
        </property>
        <property name="accountNumber">
            <column name="account_number" sql-type="varchar(100)" length="100" not-null="true"/>
        </property>
        <many-to-one name="carDealer" class="com.airhacks.task.CarDealer" cascade="all" column="car_dealer_id"/>
        <many-to-one name="manufacturer" class="com.airhacks.task.Manufacturer" cascade="all" column="manufacturer_id"/>
        <many-to-one name="bank" class="com.airhacks.task.Bank" cascade="all" column="bank_id"/>
        <property name="createdAt" type="timestamp"/>
        <property name="updatedAt" type="timestamp"/>
    </class>
</hibernate-mapping>
