<?xml version='1.0' encoding='utf-8'?>
<!DOCTYPE hibernate-configuration PUBLIC
    "-//Hibernate/Hibernate Configuration DTD//EN"
    "http://www.hibernate.org/dtd/hibernate-configuration-3.0.dtd">
<hibernate-configuration>
  <session-factory>
    <property name="hibernate.connection.driver_class">com.mysql.cj.jdbc.Driver</property>
    <property name="hibernate.connection.url">jdbc:mysql://localhost:3306/cars</property>
    <property name="hibernate.connection.pool_size">1</property>
    <property name="hibernate.current_session_context_class">thread</property>
    <property name="hibernate.show_sql">true</property>
    <property name="hibernate.dialect">org.hibernate.dialect.MySQLDialect</property>
    <mapping class="com.airhacks.task.Account"/>
    <mapping resource="com/airhacks/task/Account.hbm.xml"/>
    <mapping class="com.airhacks.task.Bank"/>
    <mapping resource="com/airhacks/task/Bank.hbm.xml"/>
    <mapping class="com.airhacks.task.CarDealer"/>
    <mapping resource="com/airhacks/task/CarDealer.hbm.xml"/>
    <mapping class="com.airhacks.task.Car"/>
    <mapping resource="com/airhacks/task/Car.hbm.xml"/>
    <mapping class="com.airhacks.task.Loan"/>
    <mapping resource="com/airhacks/task/Loan.hbm.xml"/>
    <mapping resource="com/airhacks/task/Manufacturer.hbm.xml"/>
    <mapping class="com.airhacks.task.Manufacturer"/>
    <mapping class="com.airhacks.task.Payment"/>
    <mapping resource="com/airhacks/task/Payment.hbm.xml"/>
  </session-factory>
</hibernate-configuration>