<?xml version='1.0' encoding='utf-8'?>
<!DOCTYPE hibernate-mapping PUBLIC
    "-//Hibernate/Hibernate Mapping DTD 3.0//EN"
    "http://www.hibernate.org/dtd/hibernate-mapping-3.0.dtd">
<hibernate-mapping>
    <class name="com.airhacks.task.Manufacturers" table="manufacturers" schema="cars">
        <id name="id">
            <column name="id" sql-type="int(11)"/>
        </id>
        <property name="name">
            <column name="name" sql-type="varchar(100)" length="100" not-null="true"/>
        </property>
        <property name="code">
            <column name="code" sql-type="varchar(100)" length="100" not-null="true"/>
        </property>
        <property name="createdAt" type="timestamp"/>
        <property name="updatedAt" type="timestamp"/>
    </class>
</hibernate-mapping>