<?xml version='1.0' encoding='utf-8'?>
<!DOCTYPE hibernate-mapping PUBLIC
    "-//Hibernate/Hibernate Mapping DTD 3.0//EN"
    "http://www.hibernate.org/dtd/hibernate-mapping-3.0.dtd">
<hibernate-mapping>
    <class name="com.airhacks.task.Payments" table="payments" schema="cars">
        <id name="id">
            <column name="id" sql-type="int(11)"/>
        </id>
        <property name="type">
            <column name="type" sql-type="varchar(100)" length="100" not-null="true"/>
        </property>
        <property name="amount">
            <column name="amount" sql-type="decimal(15,2)" precision="15" scale="2" not-null="true"/>
        </property>
        <many-to-one name="fromAccount" class="com.airhacks.task.Account" cascade="all" column="from_account"/>
        <many-to-one name="toAccount" class="com.airhacks.task.Account" cascade="all" column="to_account"/>
        <property name="createdAt" type="timestamp"/>
        <property name="updatedAt" type="timestamp"/>
    </class>
</hibernate-mapping>
